datetime,hits
2008-10-01 00:00:00,4141.0
2008-10-01 01:00:00,4216.0
2008-10-01 02:00:00,4035.0
2008-10-01 03:00:00,3931.0
2008-10-01 04:00:00,3249.0
2008-10-01 05:00:00,2449.0
2008-10-01 06:00:00,1897.0
2008-10-01 07:00:00,1395.0
2008-10-01 08:00:00,1151.0
2008-10-01 09:00:00,1018.0
2008-10-01 10:00:00,979.0
2008-10-01 11:00:00,1015.0
2008-10-01 12:00:00,1331.0
2008-10-01 13:00:00,2473.0
2008-10-01 14:00:00,3396.0
2008-10-01 15:00:00,4270.0
2008-10-01 16:00:00,4883.0
2008-10-01 17:00:00,5050.0
2008-10-01 18:00:00,4943.0
2008-10-01 19:00:00,5197.0
2008-10-01 20:00:00,4876.0
2008-10-01 21:00:00,4624.0
2008-10-01 22:00:00,4748.0
2008-10-01 23:00:00,4442.0
2008-10-02 00:00:00,4471.0
2008-10-02 01:00:00,4663.0
2008-10-02 02:00:00,4470.0
2008-10-02 03:00:00,4160.0
2008-10-02 04:00:00,3474.0
2008-10-02 05:00:00,2653.0
2008-10-02 06:00:00,2020.0
2008-10-02 07:00:00,1698.0
2008-10-02 08:00:00,1213.0
2008-10-02 09:00:00,1147.0
2008-10-02 10:00:00,896.0
2008-10-02 11:00:00,1100.0
2008-10-02 12:00:00,1561.0
2008-10-02 13:00:00,2929.0
2008-10-02 14:00:00,4045.0
2008-10-02 15:00:00,4917.0
2008-10-02 16:00:00,5217.0
2008-10-02 17:00:00,5527.0
2008-10-02 18:00:00,5555.0
2008-10-02 19:00:00,5510.0
2008-10-02 20:00:00,5365.0
2008-10-02 21:00:00,5389.0
2008-10-02 22:00:00,5052.0
2008-10-02 23:00:00,5038.0
2008-10-03 00:00:00,5358.0
2008-10-03 01:00:00,5533.0
2008-10-03 02:00:00,9056.0
2008-10-03 03:00:00,11494.0
2008-10-03 04:00:00,6359.0
2008-10-03 05:00:00,4440.0
2008-10-03 06:00:00,3126.0
2008-10-03 07:00:00,2341.0
2008-10-03 08:00:00,1633.0
2008-10-03 09:00:00,1467.0
2008-10-03 10:00:00,1231.0
2008-10-03 11:00:00,1356.0
2008-10-03 12:00:00,2001.0
2008-10-03 13:00:00,3512.0
2008-10-03 14:00:00,4646.0
2008-10-03 15:00:00,5273.0
2008-10-03 16:00:00,5720.0
2008-10-03 17:00:00,5649.0
2008-10-03 18:00:00,5556.0
2008-10-03 19:00:00,5517.0
2008-10-03 20:00:00,4966.0
2008-10-03 21:00:00,4579.0
2008-10-03 22:00:00,4420.0
2008-10-03 23:00:00,3856.0
2008-10-04 00:00:00,3643.0
2008-10-04 01:00:00,3405.0
2008-10-04 02:00:00,3471.0
2008-10-04 03:00:00,4314.0
2008-10-04 04:00:00,3207.0
2008-10-04 05:00:00,2469.0
2008-10-04 06:00:00,2095.0
2008-10-04 07:00:00,1622.0
2008-10-04 08:00:00,1254.0
2008-10-04 09:00:00,958.0
2008-10-04 10:00:00,980.0
2008-10-04 11:00:00,984.0
2008-10-04 12:00:00,1130.0
2008-10-04 13:00:00,1420.0
2008-10-04 14:00:00,2042.0
2008-10-04 15:00:00,2185.0
2008-10-04 16:00:00,2757.0
2008-10-04 17:00:00,2788.0
2008-10-04 18:00:00,2768.0
2008-10-04 19:00:00,3061.0
2008-10-04 20:00:00,3320.0
2008-10-04 21:00:00,3383.0
2008-10-04 22:00:00,3465.0
2008-10-04 23:00:00,3482.0
2008-10-05 00:00:00,3290.0
2008-10-05 01:00:00,3429.0
2008-10-05 02:00:00,3346.0
2008-10-05 03:00:00,3191.0
2008-10-05 04:00:00,3026.0
2008-10-05 05:00:00,2610.0
2008-10-05 06:00:00,2128.0
2008-10-05 07:00:00,1561.0
2008-10-05 08:00:00,1349.0
2008-10-05 09:00:00,1063.0
2008-10-05 10:00:00,1130.0
2008-10-05 11:00:00,1174.0
2008-10-05 12:00:00,1344.0
2008-10-05 13:00:00,1598.0
2008-10-05 14:00:00,2087.0
2008-10-05 15:00:00,2719.0
2008-10-05 16:00:00,3337.0
2008-10-05 17:00:00,3723.0
2008-10-05 18:00:00,3941.0
2008-10-05 19:00:00,4156.0
2008-10-05 20:00:00,4277.0
2008-10-05 21:00:00,4433.0
2008-10-05 22:00:00,4575.0
2008-10-05 23:00:00,4567.0
2008-10-06 00:00:00,4768.0
2008-10-06 01:00:00,5084.0
2008-10-06 02:00:00,5585.0
2008-10-06 03:00:00,4793.0
2008-10-06 04:00:00,4195.0
2008-10-06 05:00:00,3355.0
2008-10-06 06:00:00,2475.0
2008-10-06 07:00:00,2013.0
2008-10-06 08:00:00,1607.0
2008-10-06 09:00:00,1392.0
2008-10-06 10:00:00,1205.0
2008-10-06 11:00:00,1487.0
2008-10-06 12:00:00,1839.0
2008-10-06 13:00:00,3249.0
2008-10-06 14:00:00,4683.0
2008-10-06 15:00:00,5372.0
2008-10-06 16:00:00,5840.0
2008-10-06 17:00:00,6106.0
2008-10-06 18:00:00,6355.0
2008-10-06 19:00:00,6252.0
2008-10-06 20:00:00,6205.0
2008-10-06 21:00:00,6638.0
2008-10-06 22:00:00,6366.0
2008-10-06 23:00:00,6144.0
2008-10-07 00:00:00,6442.0
2008-10-07 01:00:00,6022.0
2008-10-07 02:00:00,5748.0
2008-10-07 03:00:00,5408.0
2008-10-07 04:00:00,4429.0
2008-10-07 05:00:00,3430.0
2008-10-07 06:00:00,2504.0
2008-10-07 07:00:00,1926.0
2008-10-07 08:00:00,1436.0
2008-10-07 09:00:00,1445.0
2008-10-07 10:00:00,1502.0
2008-10-07 11:00:00,1583.0
2008-10-07 12:00:00,2046.0
2008-10-07 13:00:00,3629.0
2008-10-07 14:00:00,4887.0
2008-10-07 15:00:00,6458.0
2008-10-07 16:00:00,6889.0
2008-10-07 17:00:00,6727.0
2008-10-07 18:00:00,6839.0
2008-10-07 19:00:00,7445.0
2008-10-07 20:00:00,7311.0
2008-10-07 21:00:00,7402.0
2008-10-07 22:00:00,6860.0
2008-10-07 23:00:00,6812.0
2008-10-08 00:00:00,7259.0
2008-10-08 01:00:00,7380.0
2008-10-08 02:00:00,17382.0
2008-10-08 03:00:00,22598.0
2008-10-08 04:00:00,9039.0
2008-10-08 05:00:00,6319.0
2008-10-08 06:00:00,4547.0
2008-10-08 07:00:00,2908.0
2008-10-08 08:00:00,2401.0
2008-10-08 09:00:00,1974.0
2008-10-08 10:00:00,1896.0
2008-10-08 11:00:00,1976.0
2008-10-08 12:00:00,2842.0
2008-10-08 13:00:00,4752.0
2008-10-08 14:00:00,6748.0
2008-10-08 15:00:00,8112.0
2008-10-08 16:00:00,8512.0
2008-10-08 17:00:00,8699.0
2008-10-08 18:00:00,8703.0
2008-10-08 19:00:00,8987.0
2008-10-08 20:00:00,8623.0
2008-10-08 21:00:00,8330.0
2008-10-08 22:00:00,7947.0
2008-10-08 23:00:00,7780.0
2008-10-09 00:00:00,7372.0
2008-10-09 01:00:00,7290.0
2008-10-09 02:00:00,7460.0
2008-10-09 03:00:00,6662.0
2008-10-09 04:00:00,6203.0
2008-10-09 05:00:00,5211.0
2008-10-09 06:00:00,3444.0
2008-10-09 07:00:00,2700.0
2008-10-09 08:00:00,2163.0
2008-10-09 09:00:00,1950.0
2008-10-09 10:00:00,1697.0
2008-10-09 11:00:00,1708.0
2008-10-09 12:00:00,2654.0
2008-10-09 13:00:00,4359.0
2008-10-09 14:00:00,6182.0
2008-10-09 15:00:00,7318.0
2008-10-09 16:00:00,7965.0
2008-10-09 17:00:00,8376.0
2008-10-09 18:00:00,8407.0
2008-10-09 19:00:00,8519.0
2008-10-09 20:00:00,8228.0
2008-10-09 21:00:00,7573.0
2008-10-09 22:00:00,7430.0
2008-10-09 23:00:00,6976.0
2008-10-10 00:00:00,7863.0
2008-10-10 01:00:00,7477.0
2008-10-10 02:00:00,7377.0
2008-10-10 03:00:00,6815.0
2008-10-10 04:00:00,5684.0
2008-10-10 05:00:00,4324.0
2008-10-10 06:00:00,3388.0
2008-10-10 07:00:00,2559.0
2008-10-10 08:00:00,1887.0
2008-10-10 09:00:00,1593.0
2008-10-10 10:00:00,1630.0
2008-10-10 11:00:00,1739.0
2008-10-10 12:00:00,2278.0
2008-10-10 13:00:00,3795.0
2008-10-10 14:00:00,5376.0
2008-10-10 15:00:00,6152.0
2008-10-10 16:00:00,6629.0
2008-10-10 17:00:00,6517.0
2008-10-10 18:00:00,6903.0
2008-10-10 19:00:00,6522.0
2008-10-10 20:00:00,6040.0
2008-10-10 21:00:00,6071.0
2008-10-10 22:00:00,5401.0
2008-10-10 23:00:00,4838.0
2008-10-11 00:00:00,4853.0
2008-10-11 01:00:00,4828.0
2008-10-11 02:00:00,4634.0
2008-10-11 03:00:00,4826.0
2008-10-11 04:00:00,4392.0
2008-10-11 05:00:00,3579.0
2008-10-11 06:00:00,2800.0
2008-10-11 07:00:00,2189.0
2008-10-11 08:00:00,1685.0
2008-10-11 09:00:00,1418.0
2008-10-11 10:00:00,1367.0
2008-10-11 11:00:00,1453.0
2008-10-11 12:00:00,1674.0
2008-10-11 13:00:00,2040.0
2008-10-11 14:00:00,2934.0
2008-10-11 15:00:00,3375.0
2008-10-11 16:00:00,3838.0
2008-10-11 17:00:00,3998.0
2008-10-11 18:00:00,4014.0
2008-10-11 19:00:00,4147.0
2008-10-11 20:00:00,4093.0
2008-10-11 21:00:00,4079.0
2008-10-11 22:00:00,4234.0
2008-10-11 23:00:00,4190.0
2008-10-12 00:00:00,4307.0
2008-10-12 01:00:00,4411.0
2008-10-12 02:00:00,4245.0
2008-10-12 03:00:00,4648.0
2008-10-12 04:00:00,4128.0
2008-10-12 05:00:00,3548.0
2008-10-12 06:00:00,2817.0
2008-10-12 07:00:00,2234.0
2008-10-12 08:00:00,1765.0
2008-10-12 09:00:00,1322.0
2008-10-12 10:00:00,1367.0
2008-10-12 11:00:00,1258.0
2008-10-12 12:00:00,1478.0
2008-10-12 13:00:00,2014.0
2008-10-12 14:00:00,2894.0
2008-10-12 15:00:00,3332.0
2008-10-12 16:00:00,4004.0
2008-10-12 17:00:00,4544.0
2008-10-12 18:00:00,4592.0
2008-10-12 19:00:00,5024.0
2008-10-12 20:00:00,4867.0
2008-10-12 21:00:00,5063.0
2008-10-12 22:00:00,5282.0
2008-10-12 23:00:00,4983.0
2008-10-13 00:00:00,4931.0
2008-10-13 01:00:00,5952.0
2008-10-13 02:00:00,6044.0
2008-10-13 03:00:00,5490.0
2008-10-13 04:00:00,5043.0
2008-10-13 05:00:00,4196.0
2008-10-13 06:00:00,2797.0
2008-10-13 07:00:00,2305.0
2008-10-13 08:00:00,1732.0
2008-10-13 09:00:00,1694.0
2008-10-13 10:00:00,1636.0
2008-10-13 11:00:00,1762.0
2008-10-13 12:00:00,2387.0
2008-10-13 13:00:00,3370.0
2008-10-13 14:00:00,4892.0
2008-10-13 15:00:00,6039.0
2008-10-13 16:00:00,6707.0
2008-10-13 17:00:00,6681.0
2008-10-13 18:00:00,7247.0
2008-10-13 19:00:00,7166.0
2008-10-13 20:00:00,7440.0
2008-10-13 21:00:00,7064.0
2008-10-13 22:00:00,6622.0
2008-10-13 23:00:00,6745.0
2008-10-14 00:00:00,6992.0
2008-10-14 01:00:00,6483.0
2008-10-14 02:00:00,6150.0
2008-10-14 03:00:00,5769.0
2008-10-14 04:00:00,4965.0
2008-10-14 05:00:00,4158.0
2008-10-14 06:00:00,2890.0
2008-10-14 07:00:00,2374.0
2008-10-14 08:00:00,2014.0
2008-10-14 09:00:00,1649.0
2008-10-14 10:00:00,1528.0
2008-10-14 11:00:00,1759.0
2008-10-14 12:00:00,2273.0
2008-10-14 13:00:00,3928.0
2008-10-14 14:00:00,7838.0
2008-10-14 15:00:00,6529.0
2008-10-14 16:00:00,6990.0
2008-10-14 17:00:00,7626.0
2008-10-14 18:00:00,7705.0
2008-10-14 19:00:00,7935.0
2008-10-14 20:00:00,7086.0
2008-10-14 21:00:00,7326.0
2008-10-14 22:00:00,6887.0
2008-10-14 23:00:00,6504.0
2008-10-15 00:00:00,6528.0
2008-10-15 01:00:00,6339.0
2008-10-15 02:00:00,6790.0
2008-10-15 03:00:00,6219.0
2008-10-15 04:00:00,5256.0
2008-10-15 05:00:00,4442.0
2008-10-15 06:00:00,3188.0
2008-10-15 07:00:00,2431.0
2008-10-15 08:00:00,1695.0
2008-10-15 09:00:00,1613.0
2008-10-15 10:00:00,1602.0
2008-10-15 11:00:00,1670.0
2008-10-15 12:00:00,2422.0
2008-10-15 13:00:00,3992.0
2008-10-15 14:00:00,5755.0
2008-10-15 15:00:00,6897.0
2008-10-15 16:00:00,6879.0
2008-10-15 17:00:00,7433.0
2008-10-15 18:00:00,8222.0
2008-10-15 19:00:00,8202.0
2008-10-15 20:00:00,7612.0
2008-10-15 21:00:00,7517.0
2008-10-15 22:00:00,7939.0
2008-10-15 23:00:00,7691.0
2008-10-16 00:00:00,8107.0
2008-10-16 01:00:00,8573.0
2008-10-16 02:00:00,17985.0
2008-10-16 03:00:00,16892.0
2008-10-16 04:00:00,9716.0
2008-10-16 05:00:00,6697.0
2008-10-16 06:00:00,4941.0
2008-10-16 07:00:00,4255.0
2008-10-16 08:00:00,2948.0
2008-10-16 09:00:00,2442.0
2008-10-16 10:00:00,2396.0
2008-10-16 11:00:00,2487.0
2008-10-16 12:00:00,3415.0
2008-10-16 13:00:00,5370.0
2008-10-16 14:00:00,7383.0
2008-10-16 15:00:00,9154.0
2008-10-16 16:00:00,9441.0
2008-10-16 17:00:00,9687.0
2008-10-16 18:00:00,9720.0
2008-10-16 19:00:00,9942.0
2008-10-16 20:00:00,9148.0
2008-10-16 21:00:00,9310.0
2008-10-16 22:00:00,9234.0
2008-10-16 23:00:00,8450.0
2008-10-17 00:00:00,8430.0
2008-10-17 01:00:00,7834.0
2008-10-17 02:00:00,9388.0
2008-10-17 03:00:00,8089.0
2008-10-17 04:00:00,6489.0
2008-10-17 05:00:00,5597.0
2008-10-17 06:00:00,4179.0
2008-10-17 07:00:00,3335.0
2008-10-17 08:00:00,2810.0
2008-10-17 09:00:00,2259.0
2008-10-17 10:00:00,2430.0
2008-10-17 11:00:00,2255.0
2008-10-17 12:00:00,3507.0
2008-10-17 13:00:00,5227.0
2008-10-17 14:00:00,7317.0
2008-10-17 15:00:00,8289.0
2008-10-17 16:00:00,8107.0
2008-10-17 17:00:00,8417.0
2008-10-17 18:00:00,8479.0
2008-10-17 19:00:00,8416.0
2008-10-17 20:00:00,7702.0
2008-10-17 21:00:00,7590.0
2008-10-17 22:00:00,8055.0
2008-10-17 23:00:00,6622.0
2008-10-18 00:00:00,6161.0
2008-10-18 01:00:00,5705.0
2008-10-18 02:00:00,5474.0
2008-10-18 03:00:00,5498.0
2008-10-18 04:00:00,4972.0
2008-10-18 05:00:00,3949.0
2008-10-18 06:00:00,3385.0
2008-10-18 07:00:00,2450.0
2008-10-18 08:00:00,1952.0
2008-10-18 09:00:00,1691.0
2008-10-18 10:00:00,1661.0
2008-10-18 11:00:00,1698.0
2008-10-18 12:00:00,1751.0
2008-10-18 13:00:00,2376.0
2008-10-18 14:00:00,3100.0
2008-10-18 15:00:00,3618.0
2008-10-18 16:00:00,4192.0
2008-10-18 17:00:00,4739.0
2008-10-18 18:00:00,4632.0
2008-10-18 19:00:00,4603.0
2008-10-18 20:00:00,4997.0
2008-10-18 21:00:00,4690.0
2008-10-18 22:00:00,5237.0
2008-10-18 23:00:00,4628.0
2008-10-19 00:00:00,4345.0
2008-10-19 01:00:00,4576.0
2008-10-19 02:00:00,4599.0
2008-10-19 03:00:00,4801.0
2008-10-19 04:00:00,4405.0
2008-10-19 05:00:00,3770.0
2008-10-19 06:00:00,2970.0
2008-10-19 07:00:00,2339.0
2008-10-19 08:00:00,1761.0
2008-10-19 09:00:00,1809.0
2008-10-19 10:00:00,1632.0
2008-10-19 11:00:00,1721.0
2008-10-19 12:00:00,2026.0
2008-10-19 13:00:00,2536.0
2008-10-19 14:00:00,3506.0
2008-10-19 15:00:00,4658.0
2008-10-19 16:00:00,5443.0
2008-10-19 17:00:00,6064.0
2008-10-19 18:00:00,6613.0
2008-10-19 19:00:00,7146.0
2008-10-19 20:00:00,7318.0
2008-10-19 21:00:00,7098.0
2008-10-19 22:00:00,7331.0
2008-10-19 23:00:00,7256.0
2008-10-20 00:00:00,7316.0
2008-10-20 01:00:00,7172.0
2008-10-20 02:00:00,6979.0
2008-10-20 03:00:00,6519.0
2008-10-20 04:00:00,5437.0
2008-10-20 05:00:00,4588.0
2008-10-20 06:00:00,3511.0
2008-10-20 07:00:00,2909.0
2008-10-20 08:00:00,2593.0
2008-10-20 09:00:00,2243.0
2008-10-20 10:00:00,2313.0
2008-10-20 11:00:00,2563.0
2008-10-20 12:00:00,2762.0
2008-10-20 13:00:00,4381.0
2008-10-20 14:00:00,6297.0
2008-10-20 15:00:00,7619.0
2008-10-20 16:00:00,8181.0
2008-10-20 17:00:00,8407.0
2008-10-20 18:00:00,9169.0
2008-10-20 19:00:00,9380.0
2008-10-20 20:00:00,8886.0
2008-10-20 21:00:00,9213.0
2008-10-20 22:00:00,8686.0
2008-10-20 23:00:00,8370.0
2008-10-21 00:00:00,8272.0
2008-10-21 01:00:00,8154.0
2008-10-21 02:00:00,10167.0
2008-10-21 03:00:00,10784.0
2008-10-21 04:00:00,9126.0
2008-10-21 05:00:00,6399.0
2008-10-21 06:00:00,4869.0
2008-10-21 07:00:00,4307.0
2008-10-21 08:00:00,3254.0
2008-10-21 09:00:00,2913.0
2008-10-21 10:00:00,2803.0
2008-10-21 11:00:00,0.0
2008-10-21 12:00:00,4206.0
2008-10-21 13:00:00,0.0
2008-10-21 14:00:00,0.0
2008-10-21 15:00:00,0.0
2008-10-21 16:00:00,0.0
2008-10-21 17:00:00,0.0
2008-10-21 18:00:00,0.0
2008-10-21 19:00:00,0.0
2008-10-21 20:00:00,0.0
2008-10-21 21:00:00,0.0
2008-10-21 22:00:00,0.0
2008-10-21 23:00:00,0.0
2008-10-22 00:00:00,0.0
2008-10-22 01:00:00,0.0
2008-10-22 02:00:00,0.0
2008-10-22 03:00:00,0.0
2008-10-22 04:00:00,0.0
2008-10-22 05:00:00,0.0
2008-10-22 06:00:00,0.0
2008-10-22 07:00:00,0.0
2008-10-22 08:00:00,0.0
2008-10-22 09:00:00,0.0
2008-10-22 10:00:00,0.0
2008-10-22 11:00:00,0.0
2008-10-22 12:00:00,175.0
2008-10-22 13:00:00,5187.0
2008-10-22 14:00:00,7983.0
2008-10-22 15:00:00,9610.0
2008-10-22 16:00:00,9896.0
2008-10-22 17:00:00,9897.0
2008-10-22 18:00:00,9943.0
2008-10-22 19:00:00,10020.0
2008-10-22 20:00:00,8803.0
2008-10-22 21:00:00,8936.0
2008-10-22 22:00:00,8842.0
2008-10-22 23:00:00,8637.0
2008-10-23 00:00:00,8643.0
2008-10-23 01:00:00,8521.0
2008-10-23 02:00:00,8001.0
2008-10-23 03:00:00,7606.0
2008-10-23 04:00:00,6050.0
2008-10-23 05:00:00,4580.0
2008-10-23 06:00:00,3444.0
2008-10-23 07:00:00,2776.0
2008-10-23 08:00:00,2350.0
2008-10-23 09:00:00,2160.0
2008-10-23 10:00:00,2057.0
2008-10-23 11:00:00,2113.0
2008-10-23 12:00:00,2876.0
2008-10-23 13:00:00,4863.0
2008-10-23 14:00:00,7628.0
2008-10-23 15:00:00,8497.0
2008-10-23 16:00:00,9307.0
2008-10-23 17:00:00,9509.0
2008-10-23 18:00:00,9424.0
2008-10-23 19:00:00,9588.0
2008-10-23 20:00:00,9217.0
2008-10-23 21:00:00,8862.0
2008-10-23 22:00:00,8456.0
2008-10-23 23:00:00,8412.0
2008-10-24 00:00:00,9371.0
2008-10-24 01:00:00,8889.0
2008-10-24 02:00:00,8733.0
2008-10-24 03:00:00,8197.0
2008-10-24 04:00:00,6594.0
2008-10-24 05:00:00,5057.0
2008-10-24 06:00:00,3873.0
2008-10-24 07:00:00,3218.0
2008-10-24 08:00:00,2424.0
2008-10-24 09:00:00,2522.0
2008-10-24 10:00:00,2129.0
2008-10-24 11:00:00,2450.0
2008-10-24 12:00:00,3223.0
2008-10-24 13:00:00,5165.0
2008-10-24 14:00:00,7298.0
2008-10-24 15:00:00,8815.0
2008-10-24 16:00:00,8522.0
2008-10-24 17:00:00,8953.0
2008-10-24 18:00:00,9466.0
2008-10-24 19:00:00,8864.0
2008-10-24 20:00:00,7850.0
2008-10-24 21:00:00,7564.0
2008-10-24 22:00:00,7050.0
2008-10-24 23:00:00,6573.0
2008-10-25 00:00:00,6006.0
2008-10-25 01:00:00,5373.0
2008-10-25 02:00:00,5604.0
2008-10-25 03:00:00,5720.0
2008-10-25 04:00:00,5173.0
2008-10-25 05:00:00,4230.0
2008-10-25 06:00:00,3284.0
2008-10-25 07:00:00,2663.0
2008-10-25 08:00:00,2074.0
2008-10-25 09:00:00,1809.0
2008-10-25 10:00:00,1597.0
2008-10-25 11:00:00,1681.0
2008-10-25 12:00:00,1962.0
2008-10-25 13:00:00,2587.0
2008-10-25 14:00:00,3691.0
2008-10-25 15:00:00,4447.0
2008-10-25 16:00:00,4992.0
2008-10-25 17:00:00,5625.0
2008-10-25 18:00:00,5573.0
2008-10-25 19:00:00,5747.0
2008-10-25 20:00:00,5553.0
2008-10-25 21:00:00,5572.0
2008-10-25 22:00:00,5376.0
2008-10-25 23:00:00,5214.0
2008-10-26 00:00:00,4870.0
2008-10-26 01:00:00,4799.0
2008-10-26 02:00:00,5079.0
2008-10-26 03:00:00,4796.0
2008-10-26 04:00:00,4576.0
2008-10-26 05:00:00,3836.0
2008-10-26 06:00:00,3022.0
2008-10-26 07:00:00,2594.0
2008-10-26 08:00:00,1990.0
2008-10-26 09:00:00,1620.0
2008-10-26 10:00:00,1552.0
2008-10-26 11:00:00,1551.0
2008-10-26 12:00:00,1722.0
2008-10-26 13:00:00,2346.0
2008-10-26 14:00:00,3104.0
2008-10-26 15:00:00,3871.0
2008-10-26 16:00:00,4629.0
2008-10-26 17:00:00,5590.0
2008-10-26 18:00:00,5567.0
2008-10-26 19:00:00,6056.0
2008-10-26 20:00:00,6296.0
2008-10-26 21:00:00,6566.0
2008-10-26 22:00:00,6714.0
2008-10-26 23:00:00,7018.0
2008-10-27 00:00:00,6824.0
2008-10-27 01:00:00,7357.0
2008-10-27 02:00:00,7228.0
2008-10-27 03:00:00,7127.0
2008-10-27 04:00:00,6105.0
2008-10-27 05:00:00,4854.0
2008-10-27 06:00:00,3547.0
2008-10-27 07:00:00,2796.0
2008-10-27 08:00:00,2214.0
2008-10-27 09:00:00,2002.0
2008-10-27 10:00:00,1875.0
2008-10-27 11:00:00,2152.0
2008-10-27 12:00:00,2721.0
2008-10-27 13:00:00,4534.0
2008-10-27 14:00:00,6607.0
2008-10-27 15:00:00,8625.0
2008-10-27 16:00:00,9122.0
2008-10-27 17:00:00,9439.0
2008-10-27 18:00:00,9997.0
2008-10-27 19:00:00,10471.0
2008-10-27 20:00:00,9699.0
2008-10-27 21:00:00,10154.0
2008-10-27 22:00:00,10385.0
2008-10-27 23:00:00,11115.0
2008-10-28 00:00:00,10373.0
2008-10-28 01:00:00,8850.0
2008-10-28 02:00:00,8174.0
2008-10-28 03:00:00,7897.0
2008-10-28 04:00:00,6946.0
2008-10-28 05:00:00,5540.0
2008-10-28 06:00:00,3899.0
2008-10-28 07:00:00,2872.0
2008-10-28 08:00:00,2686.0
2008-10-28 09:00:00,2274.0
2008-10-28 10:00:00,2337.0
2008-10-28 11:00:00,2471.0
2008-10-28 12:00:00,3546.0
2008-10-28 13:00:00,5546.0
2008-10-28 14:00:00,8140.0
2008-10-28 15:00:00,9963.0
2008-10-28 16:00:00,9631.0
2008-10-28 17:00:00,10410.0
2008-10-28 18:00:00,10469.0
2008-10-28 19:00:00,11442.0
2008-10-28 20:00:00,11039.0
2008-10-28 21:00:00,10684.0
2008-10-28 22:00:00,10438.0
2008-10-28 23:00:00,10479.0
2008-10-29 00:00:00,10950.0
2008-10-29 01:00:00,9841.0
2008-10-29 02:00:00,9277.0
2008-10-29 03:00:00,8406.0
2008-10-29 04:00:00,7120.0
2008-10-29 05:00:00,5556.0
2008-10-29 06:00:00,4089.0
2008-10-29 07:00:00,3051.0
2008-10-29 08:00:00,2597.0
2008-10-29 09:00:00,2579.0
2008-10-29 10:00:00,2633.0
2008-10-29 11:00:00,2653.0
2008-10-29 12:00:00,3688.0
2008-10-29 13:00:00,5426.0
2008-10-29 14:00:00,8172.0
2008-10-29 15:00:00,9751.0
2008-10-29 16:00:00,10565.0
2008-10-29 17:00:00,10640.0
2008-10-29 18:00:00,10992.0
2008-10-29 19:00:00,11225.0
2008-10-29 20:00:00,10474.0
2008-10-29 21:00:00,11006.0
2008-10-29 22:00:00,11353.0
2008-10-29 23:00:00,10531.0
2008-10-30 00:00:00,11130.0
2008-10-30 01:00:00,18259.0
2008-10-30 02:00:00,11668.0
2008-10-30 03:00:00,10600.0
2008-10-30 04:00:00,11570.0
2008-10-30 05:00:00,6893.0
2008-10-30 06:00:00,5256.0
2008-10-30 07:00:00,4261.0
2008-10-30 08:00:00,3272.0
2008-10-30 09:00:00,2959.0
2008-10-30 10:00:00,2976.0
2008-10-30 11:00:00,3355.0
2008-10-30 12:00:00,4313.0
2008-10-30 13:00:00,6609.0
2008-10-30 14:00:00,9489.0
2008-10-30 15:00:00,11120.0
2008-10-30 16:00:00,11225.0
2008-10-30 17:00:00,11310.0
2008-10-30 18:00:00,11810.0
2008-10-30 19:00:00,11807.0
2008-10-30 20:00:00,11544.0
2008-10-30 21:00:00,11197.0
2008-10-30 22:00:00,10896.0
2008-10-30 23:00:00,10530.0
2008-10-31 00:00:00,10588.0
2008-10-31 01:00:00,10658.0
2008-10-31 02:00:00,9865.0
2008-10-31 03:00:00,14806.0
2008-10-31 04:00:00,22669.0
2008-10-31 05:00:00,13714.0
2008-10-31 06:00:00,9910.0
2008-10-31 07:00:00,6895.0
2008-10-31 08:00:00,3756.0
2008-10-31 09:00:00,4693.0
2008-10-31 10:00:00,6469.0
2008-10-31 11:00:00,7330.0
2008-10-31 12:00:00,10122.0
2008-10-31 13:00:00,15795.0
2008-10-31 14:00:00,21867.0
2008-10-31 15:00:00,14986.0
2008-10-31 16:00:00,9720.0
2008-10-31 17:00:00,9285.0
2008-10-31 18:00:00,9386.0
2008-10-31 19:00:00,8508.0
2008-10-31 20:00:00,8036.0
2008-10-31 21:00:00,7468.0
2008-10-31 22:00:00,6956.0
2008-10-31 23:00:00,6358.0
2008-11-01 00:00:00,5664.0
2008-11-01 01:00:00,5294.0
2008-11-01 02:00:00,4996.0
2008-11-01 03:00:00,5112.0
2008-11-01 04:00:00,4864.0
2008-11-01 05:00:00,3955.0
2008-11-01 06:00:00,3379.0
2008-11-01 07:00:00,2823.0
2008-11-01 08:00:00,2416.0
2008-11-01 09:00:00,2124.0
2008-11-01 10:00:00,2144.0
2008-11-01 11:00:00,2405.0
2008-11-01 12:00:00,2981.0
2008-11-01 13:00:00,3572.0
2008-11-01 14:00:00,4980.0
2008-11-01 15:00:00,5679.0
2008-11-01 16:00:00,6666.0
2008-11-01 17:00:00,7180.0
2008-11-01 18:00:00,7758.0
2008-11-01 19:00:00,7944.0
2008-11-01 20:00:00,7805.0
2008-11-01 21:00:00,7334.0
2008-11-01 22:00:00,7654.0
2008-11-01 23:00:00,7545.0
2008-11-02 00:00:00,7719.0
2008-11-02 01:00:00,8489.0
2008-11-02 02:00:00,8994.0
2008-11-02 03:00:00,8177.0
2008-11-02 04:00:00,6913.0
2008-11-02 05:00:00,5749.0
2008-11-02 06:00:00,5177.0
2008-11-02 07:00:00,4121.0
2008-11-02 08:00:00,3447.0
2008-11-02 09:00:00,2994.0
2008-11-02 10:00:00,2876.0
2008-11-02 11:00:00,3033.0
2008-11-02 12:00:00,3243.0
2008-11-02 13:00:00,4272.0
2008-11-02 14:00:00,5495.0
2008-11-02 15:00:00,6762.0
2008-11-02 16:00:00,7744.0
2008-11-02 17:00:00,8727.0
2008-11-02 18:00:00,8750.0
2008-11-02 19:00:00,9689.0
2008-11-02 20:00:00,10302.0
2008-11-02 21:00:00,10075.0
2008-11-02 22:00:00,10480.0
2008-11-02 23:00:00,11466.0
2008-11-03 00:00:00,11588.0
2008-11-03 01:00:00,10649.0
2008-11-03 02:00:00,10950.0
2008-11-03 03:00:00,10531.0
2008-11-03 04:00:00,10645.0
2008-11-03 05:00:00,8823.0
2008-11-03 06:00:00,7213.0
2008-11-03 07:00:00,5922.0
2008-11-03 08:00:00,5110.0
2008-11-03 09:00:00,4817.0
2008-11-03 10:00:00,4907.0
2008-11-03 11:00:00,5238.0
2008-11-03 12:00:00,5824.0
2008-11-03 13:00:00,7336.0
2008-11-03 14:00:00,10583.0
2008-11-03 15:00:00,13033.0
2008-11-03 16:00:00,14777.0
2008-11-03 17:00:00,17226.0
2008-11-03 18:00:00,17660.0
2008-11-03 19:00:00,18255.0
2008-11-03 20:00:00,18516.0
2008-11-03 21:00:00,17658.0
2008-11-03 22:00:00,22840.0
2008-11-03 23:00:00,38229.0
2008-11-04 00:00:00,33692.0
2008-11-04 01:00:00,40771.0
2008-11-04 02:00:00,35364.0
2008-11-04 03:00:00,34594.0
2008-11-04 04:00:00,34042.0
2008-11-04 05:00:00,28325.0
2008-11-04 06:00:00,23454.0
2008-11-04 07:00:00,20064.0
2008-11-04 08:00:00,18056.0
2008-11-04 09:00:00,17055.0
2008-11-04 10:00:00,17643.0
2008-11-04 11:00:00,17888.0
2008-11-04 12:00:00,19866.0
2008-11-04 13:00:00,24440.0
2008-11-04 14:00:00,34139.0
2008-11-04 15:00:00,39390.0
2008-11-04 16:00:00,43077.0
2008-11-04 17:00:00,44815.0
2008-11-04 18:00:00,47229.0
2008-11-04 19:00:00,49016.0
2008-11-04 20:00:00,46632.0
2008-11-04 21:00:00,46001.0
2008-11-04 22:00:00,45421.0
2008-11-04 23:00:00,45213.0
2008-11-05 00:00:00,42410.0
2008-11-05 01:00:00,35830.0
2008-11-05 02:00:00,43118.0
2008-11-05 03:00:00,57805.0
2008-11-05 04:00:00,63314.0
2008-11-05 05:00:00,250817.0
2008-11-05 06:00:00,257939.0
2008-11-05 07:00:00,138159.0
2008-11-05 08:00:00,101318.0
2008-11-05 09:00:00,85469.0
2008-11-05 10:00:00,80611.0
2008-11-05 11:00:00,74918.0
2008-11-05 12:00:00,80626.0
2008-11-05 13:00:00,95409.0
2008-11-05 14:00:00,114441.0
2008-11-05 15:00:00,125776.0
2008-11-05 16:00:00,123778.0
2008-11-05 17:00:00,128198.0
2008-11-05 18:00:00,130212.0
2008-11-05 19:00:00,126424.0
2008-11-05 20:00:00,116464.0
2008-11-05 21:00:00,109304.0
2008-11-05 22:00:00,100090.0
2008-11-05 23:00:00,95377.0
2008-11-06 00:00:00,87603.0
2008-11-06 01:00:00,83731.0
2008-11-06 02:00:00,78866.0
2008-11-06 03:00:00,69092.0
2008-11-06 04:00:00,66917.0
2008-11-06 05:00:00,59645.0
2008-11-06 06:00:00,47853.0
2008-11-06 07:00:00,39340.0
2008-11-06 08:00:00,34288.0
2008-11-06 09:00:00,32442.0
2008-11-06 10:00:00,31250.0
2008-11-06 11:00:00,30059.0
2008-11-06 12:00:00,31339.0
2008-11-06 13:00:00,33885.0
2008-11-06 14:00:00,41341.0
2008-11-06 15:00:00,42947.0
2008-11-06 16:00:00,42280.0
2008-11-06 17:00:00,44352.0
2008-11-06 18:00:00,47164.0
2008-11-06 19:00:00,49090.0
2008-11-06 20:00:00,47692.0
2008-11-06 21:00:00,48435.0
2008-11-06 22:00:00,47143.0
2008-11-06 23:00:00,43470.0
2008-11-07 00:00:00,39399.0
2008-11-07 01:00:00,35486.0
2008-11-07 02:00:00,33018.0
2008-11-07 03:00:00,32283.0
2008-11-07 04:00:00,32344.0
2008-11-07 05:00:00,28637.0
2008-11-07 06:00:00,22808.0
2008-11-07 07:00:00,19097.0
2008-11-07 08:00:00,16663.0
2008-11-07 09:00:00,14574.0
2008-11-07 10:00:00,15267.0
2008-11-07 11:00:00,14068.0
2008-11-07 12:00:00,15304.0
2008-11-07 13:00:00,16610.0
2008-11-07 14:00:00,20718.0
2008-11-07 15:00:00,24635.0
2008-11-07 16:00:00,25904.0
2008-11-07 17:00:00,26298.0
2008-11-07 18:00:00,27605.0
2008-11-07 19:00:00,28307.0
2008-11-07 20:00:00,27651.0
2008-11-07 21:00:00,29424.0
2008-11-07 22:00:00,25995.0
2008-11-07 23:00:00,24707.0
2008-11-08 00:00:00,23533.0
2008-11-08 01:00:00,21575.0
2008-11-08 02:00:00,19897.0
2008-11-08 03:00:00,19779.0
2008-11-08 04:00:00,18680.0
2008-11-08 05:00:00,16664.0
2008-11-08 06:00:00,16083.0
2008-11-08 07:00:00,13629.0
2008-11-08 08:00:00,10982.0
2008-11-08 09:00:00,10138.0
2008-11-08 10:00:00,9713.0
2008-11-08 11:00:00,9786.0
2008-11-08 12:00:00,10083.0
2008-11-08 13:00:00,10917.0
2008-11-08 14:00:00,14412.0
2008-11-08 15:00:00,15057.0
2008-11-08 16:00:00,15632.0
2008-11-08 17:00:00,16992.0
2008-11-08 18:00:00,17107.0
2008-11-08 19:00:00,17501.0
2008-11-08 20:00:00,18149.0
2008-11-08 21:00:00,17000.0
2008-11-08 22:00:00,17046.0
2008-11-08 23:00:00,16633.0
2008-11-09 00:00:00,17879.0
2008-11-09 01:00:00,16978.0
2008-11-09 02:00:00,16194.0
2008-11-09 03:00:00,16494.0
2008-11-09 04:00:00,16166.0
2008-11-09 05:00:00,14413.0
2008-11-09 06:00:00,11560.0
2008-11-09 07:00:00,10035.0
2008-11-09 08:00:00,8002.0
2008-11-09 09:00:00,7904.0
2008-11-09 10:00:00,7204.0
2008-11-09 11:00:00,7835.0
2008-11-09 12:00:00,8018.0
2008-11-09 13:00:00,8990.0
2008-11-09 14:00:00,10075.0
2008-11-09 15:00:00,11863.0
2008-11-09 16:00:00,12755.0
2008-11-09 17:00:00,14838.0
2008-11-09 18:00:00,16301.0
2008-11-09 19:00:00,16723.0
2008-11-09 20:00:00,17076.0
2008-11-09 21:00:00,15716.0
2008-11-09 22:00:00,15597.0
2008-11-09 23:00:00,16184.0
2008-11-10 00:00:00,16975.0
2008-11-10 01:00:00,15294.0
2008-11-10 02:00:00,13709.0
2008-11-10 03:00:00,15372.0
2008-11-10 04:00:00,15699.0
2008-11-10 05:00:00,13723.0
2008-11-10 06:00:00,11937.0
2008-11-10 07:00:00,8890.0
2008-11-10 08:00:00,8806.0
2008-11-10 09:00:00,8510.0
2008-11-10 10:00:00,9264.0
2008-11-10 11:00:00,7714.0
2008-11-10 12:00:00,8499.0
2008-11-10 13:00:00,9438.0
2008-11-10 14:00:00,12074.0
2008-11-10 15:00:00,14690.0
2008-11-10 16:00:00,16677.0
2008-11-10 17:00:00,16804.0
2008-11-10 18:00:00,18508.0
2008-11-10 19:00:00,19385.0
2008-11-10 20:00:00,19277.0
2008-11-10 21:00:00,17849.0
2008-11-10 22:00:00,16697.0
2008-11-10 23:00:00,15329.0
2008-11-11 00:00:00,15544.0
2008-11-11 01:00:00,13491.0
2008-11-11 02:00:00,11709.0
2008-11-11 03:00:00,11349.0
2008-11-11 04:00:00,11241.0
2008-11-11 05:00:00,10732.0
2008-11-11 06:00:00,10701.0
2008-11-11 07:00:00,8937.0
2008-11-11 08:00:00,8169.0
2008-11-11 09:00:00,6027.0
2008-11-11 10:00:00,8518.0
2008-11-11 11:00:00,8987.0
2008-11-11 12:00:00,9104.0
2008-11-11 13:00:00,10575.0
2008-11-11 14:00:00,12849.0
2008-11-11 15:00:00,14857.0
2008-11-11 16:00:00,11766.0
2008-11-11 17:00:00,11721.0
2008-11-11 18:00:00,12190.0
2008-11-11 19:00:00,12482.0
2008-11-11 20:00:00,12406.0
2008-11-11 21:00:00,12846.0
2008-11-11 22:00:00,11736.0
2008-11-11 23:00:00,12237.0
2008-11-12 00:00:00,11414.0
2008-11-12 01:00:00,8422.0
2008-11-12 02:00:00,9572.0
2008-11-12 03:00:00,9812.0
2008-11-12 04:00:00,9226.0
2008-11-12 05:00:00,8266.0
2008-11-12 06:00:00,7144.0
2008-11-12 07:00:00,5859.0
2008-11-12 08:00:00,5518.0
2008-11-12 09:00:00,4687.0
2008-11-12 10:00:00,5862.0
2008-11-12 11:00:00,5046.0
2008-11-12 12:00:00,5322.0
2008-11-12 13:00:00,6293.0
2008-11-12 14:00:00,7866.0
2008-11-12 15:00:00,9813.0
2008-11-12 16:00:00,10179.0
2008-11-12 17:00:00,10424.0
2008-11-12 18:00:00,10960.0
2008-11-12 19:00:00,10403.0
2008-11-12 20:00:00,10671.0
2008-11-12 21:00:00,9344.0
2008-11-12 22:00:00,8880.0
2008-11-12 23:00:00,8368.0
2008-11-13 00:00:00,7859.0
2008-11-13 01:00:00,7144.0
2008-11-13 02:00:00,7413.0
2008-11-13 03:00:00,6683.0
2008-11-13 04:00:00,6498.0
2008-11-13 05:00:00,6220.0
2008-11-13 06:00:00,5221.0
2008-11-13 07:00:00,4570.0
2008-11-13 08:00:00,5016.0
2008-11-13 09:00:00,3913.0
2008-11-13 10:00:00,4250.0
2008-11-13 11:00:00,3984.0
2008-11-13 12:00:00,4300.0
2008-11-13 13:00:00,4731.0
2008-11-13 14:00:00,5881.0
2008-11-13 15:00:00,7300.0
2008-11-13 16:00:00,8118.0
2008-11-13 17:00:00,8739.0
2008-11-13 18:00:00,8084.0
2008-11-13 19:00:00,8498.0
2008-11-13 20:00:00,8201.0
2008-11-13 21:00:00,8112.0
2008-11-13 22:00:00,8232.0
2008-11-13 23:00:00,7597.0
2008-11-14 00:00:00,7001.0
2008-11-14 01:00:00,6582.0
2008-11-14 02:00:00,6416.0
2008-11-14 03:00:00,6204.0
2008-11-14 04:00:00,5866.0
2008-11-14 05:00:00,5759.0
2008-11-14 06:00:00,4702.0
2008-11-14 07:00:00,3990.0
2008-11-14 08:00:00,3609.0
2008-11-14 09:00:00,3317.0
2008-11-14 10:00:00,3620.0
2008-11-14 11:00:00,3459.0
2008-11-14 12:00:00,3389.0
2008-11-14 13:00:00,3804.0
2008-11-14 14:00:00,4799.0
2008-11-14 15:00:00,6012.0
2008-11-14 16:00:00,6478.0
2008-11-14 17:00:00,6371.0
2008-11-14 18:00:00,6825.0
2008-11-14 19:00:00,7134.0
2008-11-14 20:00:00,6627.0
2008-11-14 21:00:00,6297.0
2008-11-14 22:00:00,6292.0
2008-11-14 23:00:00,6321.0
2008-11-15 00:00:00,5347.0
2008-11-15 01:00:00,4918.0
2008-11-15 02:00:00,4895.0
2008-11-15 03:00:00,4863.0
2008-11-15 04:00:00,4822.0
2008-11-15 05:00:00,4517.0
2008-11-15 06:00:00,3787.0
2008-11-15 07:00:00,3642.0
2008-11-15 08:00:00,3137.0
2008-11-15 09:00:00,2512.0
2008-11-15 10:00:00,2370.0
2008-11-15 11:00:00,2654.0
2008-11-15 12:00:00,2626.0
2008-11-15 13:00:00,3102.0
2008-11-15 14:00:00,3499.0
2008-11-15 15:00:00,4140.0
2008-11-15 16:00:00,4541.0
2008-11-15 17:00:00,5063.0
2008-11-15 18:00:00,4974.0
2008-11-15 19:00:00,5090.0
2008-11-15 20:00:00,5067.0
2008-11-15 21:00:00,4933.0
2008-11-15 22:00:00,4824.0
2008-11-15 23:00:00,4781.0
2008-11-16 00:00:00,5015.0
2008-11-16 01:00:00,4585.0
2008-11-16 02:00:00,4561.0
2008-11-16 03:00:00,4515.0
2008-11-16 04:00:00,4346.0
2008-11-16 05:00:00,4205.0
2008-11-16 06:00:00,3828.0
2008-11-16 07:00:00,3116.0
2008-11-16 08:00:00,2995.0
2008-11-16 09:00:00,2691.0
2008-11-16 10:00:00,2751.0
2008-11-16 11:00:00,2707.0
2008-11-16 12:00:00,2825.0
2008-11-16 13:00:00,3206.0
2008-11-16 14:00:00,3638.0
2008-11-16 15:00:00,4486.0
2008-11-16 16:00:00,4979.0
2008-11-16 17:00:00,5615.0
2008-11-16 18:00:00,5848.0
2008-11-16 19:00:00,6010.0
2008-11-16 20:00:00,6419.0
2008-11-16 21:00:00,6678.0
2008-11-16 22:00:00,6509.0
2008-11-16 23:00:00,6372.0
2008-11-17 00:00:00,6002.0
2008-11-17 01:00:00,8415.0
2008-11-17 02:00:00,11219.0
2008-11-17 03:00:00,6271.0
2008-11-17 04:00:00,6651.0
2008-11-17 05:00:00,5588.0
2008-11-17 06:00:00,4590.0
2008-11-17 07:00:00,3775.0
2008-11-17 08:00:00,3437.0
2008-11-17 09:00:00,3023.0
2008-11-17 10:00:00,3277.0
2008-11-17 11:00:00,2997.0
2008-11-17 12:00:00,3212.0
2008-11-17 13:00:00,3511.0
2008-11-17 14:00:00,4505.0
2008-11-17 15:00:00,5523.0
2008-11-17 16:00:00,6108.0
2008-11-17 17:00:00,6462.0
2008-11-17 18:00:00,6584.0
2008-11-17 19:00:00,6704.0
2008-11-17 20:00:00,6459.0
2008-11-17 21:00:00,6211.0
2008-11-17 22:00:00,5990.0
2008-11-17 23:00:00,5397.0
2008-11-18 00:00:00,5243.0
2008-11-18 01:00:00,4620.0
2008-11-18 02:00:00,4900.0
2008-11-18 03:00:00,4453.0
2008-11-18 04:00:00,4101.0
2008-11-18 05:00:00,3919.0
2008-11-18 06:00:00,3527.0
2008-11-18 07:00:00,3079.0
2008-11-18 08:00:00,2856.0
2008-11-18 09:00:00,2473.0
2008-11-18 10:00:00,2769.0
2008-11-18 11:00:00,2708.0
2008-11-18 12:00:00,2628.0
2008-11-18 13:00:00,2962.0
2008-11-18 14:00:00,4044.0
2008-11-18 15:00:00,4574.0
2008-11-18 16:00:00,4953.0
2008-11-18 17:00:00,5367.0
2008-11-18 18:00:00,5481.0
2008-11-18 19:00:00,5603.0
2008-11-18 20:00:00,5597.0
2008-11-18 21:00:00,5496.0
2008-11-18 22:00:00,5472.0
2008-11-18 23:00:00,5083.0
2008-11-19 00:00:00,4704.0
2008-11-19 01:00:00,4375.0
2008-11-19 02:00:00,3958.0
2008-11-19 03:00:00,3969.0
2008-11-19 04:00:00,4194.0
2008-11-19 05:00:00,3843.0
2008-11-19 06:00:00,3514.0
2008-11-19 07:00:00,3013.0
2008-11-19 08:00:00,2600.0
2008-11-19 09:00:00,2385.0
2008-11-19 10:00:00,2485.0
2008-11-19 11:00:00,2550.0
2008-11-19 12:00:00,2501.0
2008-11-19 13:00:00,2843.0
2008-11-19 14:00:00,3618.0
2008-11-19 15:00:00,4336.0
2008-11-19 16:00:00,4758.0
2008-11-19 17:00:00,4956.0
2008-11-19 18:00:00,5363.0
2008-11-19 19:00:00,5793.0
2008-11-19 20:00:00,5612.0
2008-11-19 21:00:00,5108.0
2008-11-19 22:00:00,4926.0
2008-11-19 23:00:00,4909.0
2008-11-20 00:00:00,4576.0
2008-11-20 01:00:00,4130.0
2008-11-20 02:00:00,3709.0
2008-11-20 03:00:00,3534.0
2008-11-20 04:00:00,3637.0
2008-11-20 05:00:00,3311.0
2008-11-20 06:00:00,3165.0
2008-11-20 07:00:00,2867.0
2008-11-20 08:00:00,2773.0
2008-11-20 09:00:00,2412.0
2008-11-20 10:00:00,2378.0
2008-11-20 11:00:00,2390.0
2008-11-20 12:00:00,2586.0
2008-11-20 13:00:00,2935.0
2008-11-20 14:00:00,3446.0
2008-11-20 15:00:00,4244.0
2008-11-20 16:00:00,4695.0
2008-11-20 17:00:00,4819.0
2008-11-20 18:00:00,4722.0
2008-11-20 19:00:00,4981.0
2008-11-20 20:00:00,4966.0
2008-11-20 21:00:00,4656.0
2008-11-20 22:00:00,4692.0
2008-11-20 23:00:00,4171.0
2008-11-21 00:00:00,3776.0
2008-11-21 01:00:00,3628.0
2008-11-21 02:00:00,3602.0
2008-11-21 03:00:00,3489.0
2008-11-21 04:00:00,3330.0
2008-11-21 05:00:00,3197.0
2008-11-21 06:00:00,2916.0
2008-11-21 07:00:00,2442.0
2008-11-21 08:00:00,2046.0
2008-11-21 09:00:00,2092.0
2008-11-21 10:00:00,2163.0
2008-11-21 11:00:00,2098.0
2008-11-21 12:00:00,2129.0
2008-11-21 13:00:00,2328.0
2008-11-21 14:00:00,2888.0
2008-11-21 15:00:00,3713.0
2008-11-21 16:00:00,4125.0
2008-11-21 17:00:00,3991.0
2008-11-21 18:00:00,3905.0
2008-11-21 19:00:00,4017.0
2008-11-21 20:00:00,3973.0
2008-11-21 21:00:00,4527.0
2008-11-21 22:00:00,4988.0
2008-11-21 23:00:00,4650.0
2008-11-22 00:00:00,4026.0
2008-11-22 01:00:00,3799.0
2008-11-22 02:00:00,3461.0
2008-11-22 03:00:00,3686.0
2008-11-22 04:00:00,3376.0
2008-11-22 05:00:00,3157.0
2008-11-22 06:00:00,3156.0
2008-11-22 07:00:00,2332.0
2008-11-22 08:00:00,1953.0
2008-11-22 09:00:00,1768.0
2008-11-22 10:00:00,1774.0
2008-11-22 11:00:00,1824.0
2008-11-22 12:00:00,1730.0
2008-11-22 13:00:00,1953.0
2008-11-22 14:00:00,2375.0
2008-11-22 15:00:00,2901.0
2008-11-22 16:00:00,3184.0
2008-11-22 17:00:00,3595.0
2008-11-22 18:00:00,3610.0
2008-11-22 19:00:00,3582.0
2008-11-22 20:00:00,3724.0
2008-11-22 21:00:00,5205.0
2008-11-22 22:00:00,3884.0
2008-11-22 23:00:00,3823.0
2008-11-23 00:00:00,3755.0
2008-11-23 01:00:00,3576.0
2008-11-23 02:00:00,3368.0
2008-11-23 03:00:00,3485.0
2008-11-23 04:00:00,3286.0
2008-11-23 05:00:00,2954.0
2008-11-23 06:00:00,2725.0
2008-11-23 07:00:00,2396.0
2008-11-23 08:00:00,1871.0
2008-11-23 09:00:00,1804.0
2008-11-23 10:00:00,1652.0
2008-11-23 11:00:00,1896.0
2008-11-23 12:00:00,1818.0
2008-11-23 13:00:00,1846.0
2008-11-23 14:00:00,2245.0
2008-11-23 15:00:00,2916.0
2008-11-23 16:00:00,3281.0
2008-11-23 17:00:00,3726.0
2008-11-23 18:00:00,3953.0
2008-11-23 19:00:00,4033.0
2008-11-23 20:00:00,4050.0
2008-11-23 21:00:00,3970.0
2008-11-23 22:00:00,4033.0
2008-11-23 23:00:00,3831.0
2008-11-24 00:00:00,3755.0
2008-11-24 01:00:00,3524.0
2008-11-24 02:00:00,3270.0
2008-11-24 03:00:00,3266.0
2008-11-24 04:00:00,3287.0
2008-11-24 05:00:00,3328.0
2008-11-24 06:00:00,2799.0
2008-11-24 07:00:00,2334.0
2008-11-24 08:00:00,2200.0
2008-11-24 09:00:00,1984.0
2008-11-24 10:00:00,1936.0
2008-11-24 11:00:00,2045.0
2008-11-24 12:00:00,2074.0
2008-11-24 13:00:00,2250.0
2008-11-24 14:00:00,2942.0
2008-11-24 15:00:00,3630.0
2008-11-24 16:00:00,3868.0
2008-11-24 17:00:00,4301.0
2008-11-24 18:00:00,5531.0
2008-11-24 19:00:00,5052.0
2008-11-24 20:00:00,4880.0
2008-11-24 21:00:00,4396.0
2008-11-24 22:00:00,4559.0
2008-11-24 23:00:00,4001.0
2008-11-25 00:00:00,3656.0
2008-11-25 01:00:00,3261.0
2008-11-25 02:00:00,3131.0
2008-11-25 03:00:00,2912.0
2008-11-25 04:00:00,3172.0
2008-11-25 05:00:00,2777.0
2008-11-25 06:00:00,2626.0
2008-11-25 07:00:00,2193.0
2008-11-25 08:00:00,1885.0
2008-11-25 09:00:00,1873.0
2008-11-25 10:00:00,2007.0
2008-11-25 11:00:00,1993.0
2008-11-25 12:00:00,2120.0
2008-11-25 13:00:00,2225.0
2008-11-25 14:00:00,2750.0
2008-11-25 15:00:00,3213.0
2008-11-25 16:00:00,3736.0
2008-11-25 17:00:00,3755.0
2008-11-25 18:00:00,4086.0
2008-11-25 19:00:00,4169.0
2008-11-25 20:00:00,4035.0
2008-11-25 21:00:00,3909.0
2008-11-25 22:00:00,3761.0
2008-11-25 23:00:00,3212.0
2008-11-26 00:00:00,3317.0
2008-11-26 01:00:00,3360.0
2008-11-26 02:00:00,2980.0
2008-11-26 03:00:00,2751.0
2008-11-26 04:00:00,2650.0
2008-11-26 05:00:00,2797.0
2008-11-26 06:00:00,2470.0
2008-11-26 07:00:00,2121.0
2008-11-26 08:00:00,1959.0
2008-11-26 09:00:00,1771.0
2008-11-26 10:00:00,1603.0
2008-11-26 11:00:00,1608.0
2008-11-26 12:00:00,1632.0
2008-11-26 13:00:00,1904.0
2008-11-26 14:00:00,2696.0
2008-11-26 15:00:00,2845.0
2008-11-26 16:00:00,3413.0
2008-11-26 17:00:00,3684.0
2008-11-26 18:00:00,3678.0
2008-11-26 19:00:00,3652.0
2008-11-26 20:00:00,3358.0
2008-11-26 21:00:00,3383.0
2008-11-26 22:00:00,3210.0
2008-11-26 23:00:00,2903.0
2008-11-27 00:00:00,2866.0
2008-11-27 01:00:00,2822.0
2008-11-27 02:00:00,2687.0
2008-11-27 03:00:00,2572.0
2008-11-27 04:00:00,4608.0
2008-11-27 05:00:00,2801.0
2008-11-27 06:00:00,2433.0
2008-11-27 07:00:00,2598.0
2008-11-27 08:00:00,1932.0
2008-11-27 09:00:00,1622.0
2008-11-27 10:00:00,1760.0
2008-11-27 11:00:00,1647.0
2008-11-27 12:00:00,1526.0
2008-11-27 13:00:00,1779.0
2008-11-27 14:00:00,1930.0
2008-11-27 15:00:00,2232.0
2008-11-27 16:00:00,2455.0
2008-11-27 17:00:00,2739.0
2008-11-27 18:00:00,2709.0
2008-11-27 19:00:00,2737.0
2008-11-27 20:00:00,2726.0
2008-11-27 21:00:00,2736.0
2008-11-27 22:00:00,2520.0
2008-11-27 23:00:00,2478.0
2008-11-28 00:00:00,2393.0
2008-11-28 01:00:00,2263.0
2008-11-28 02:00:00,2310.0
2008-11-28 03:00:00,2226.0
2008-11-28 04:00:00,2121.0
2008-11-28 05:00:00,2167.0
2008-11-28 06:00:00,2269.0
2008-11-28 07:00:00,1636.0
2008-11-28 08:00:00,1569.0
2008-11-28 09:00:00,1464.0
2008-11-28 10:00:00,1413.0
2008-11-28 11:00:00,1344.0
2008-11-28 12:00:00,1382.0
2008-11-28 13:00:00,2213.0
2008-11-28 14:00:00,1811.0
2008-11-28 15:00:00,1877.0
2008-11-28 16:00:00,2252.0
2008-11-28 17:00:00,2361.0
2008-11-28 18:00:00,2369.0
2008-11-28 19:00:00,2379.0
2008-11-28 20:00:00,2486.0
2008-11-28 21:00:00,2375.0
2008-11-28 22:00:00,2295.0
2008-11-28 23:00:00,2349.0
2008-11-29 00:00:00,2430.0
2008-11-29 01:00:00,2364.0
2008-11-29 02:00:00,2284.0
2008-11-29 03:00:00,2169.0
2008-11-29 04:00:00,2078.0
2008-11-29 05:00:00,2078.0
2008-11-29 06:00:00,1822.0
2008-11-29 07:00:00,1721.0
2008-11-29 08:00:00,1351.0
2008-11-29 09:00:00,1127.0
2008-11-29 10:00:00,1093.0
2008-11-29 11:00:00,1038.0
2008-11-29 12:00:00,1053.0
2008-11-29 13:00:00,1171.0
2008-11-29 14:00:00,1309.0
2008-11-29 15:00:00,1659.0
2008-11-29 16:00:00,2011.0
2008-11-29 17:00:00,2254.0
2008-11-29 18:00:00,2437.0
2008-11-29 19:00:00,2732.0
2008-11-29 20:00:00,2886.0
2008-11-29 21:00:00,2803.0
2008-11-29 22:00:00,2826.0
2008-11-29 23:00:00,2607.0
2008-11-30 00:00:00,2620.0
2008-11-30 01:00:00,2563.0
2008-11-30 02:00:00,2242.0
2008-11-30 03:00:00,2303.0
2008-11-30 04:00:00,2511.0
2008-11-30 05:00:00,2481.0
2008-11-30 06:00:00,2510.0
2008-11-30 07:00:00,2778.0
2008-11-30 08:00:00,1443.0
2008-11-30 09:00:00,1233.0
2008-11-30 10:00:00,1116.0
2008-11-30 11:00:00,1208.0
2008-11-30 12:00:00,1218.0
2008-11-30 13:00:00,1363.0
2008-11-30 14:00:00,1583.0
2008-11-30 15:00:00,1744.0
2008-11-30 16:00:00,2202.0
2008-11-30 17:00:00,2461.0
2008-11-30 18:00:00,2763.0
2008-11-30 19:00:00,3033.0
2008-11-30 20:00:00,3355.0
2008-11-30 21:00:00,3322.0
2008-11-30 22:00:00,3412.0
2008-11-30 23:00:00,3095.0
2008-12-01 00:00:00,3153.0
2008-12-01 01:00:00,3041.0
2008-12-01 02:00:00,2814.0
2008-12-01 03:00:00,2679.0
2008-12-01 04:00:00,2535.0
2008-12-01 05:00:00,2602.0
2008-12-01 06:00:00,2316.0
2008-12-01 07:00:00,2052.0
2008-12-01 08:00:00,1631.0
2008-12-01 09:00:00,1430.0
2008-12-01 10:00:00,1384.0
2008-12-01 11:00:00,1380.0
2008-12-01 12:00:00,1413.0
2008-12-01 13:00:00,1712.0
2008-12-01 14:00:00,2295.0
2008-12-01 15:00:00,3062.0
2008-12-01 16:00:00,3344.0
2008-12-01 17:00:00,5651.0
2008-12-01 18:00:00,4992.0
2008-12-01 19:00:00,5018.0
2008-12-01 20:00:00,4504.0
2008-12-01 21:00:00,4303.0
2008-12-01 22:00:00,3963.0
2008-12-01 23:00:00,4044.0
2008-12-02 00:00:00,3883.0
2008-12-02 01:00:00,3295.0
2008-12-02 02:00:00,3308.0
2008-12-02 03:00:00,2989.0
2008-12-02 04:00:00,3112.0
2008-12-02 05:00:00,3127.0
2008-12-02 06:00:00,2730.0
2008-12-02 07:00:00,2190.0
2008-12-02 08:00:00,1827.0
2008-12-02 09:00:00,1666.0
2008-12-02 10:00:00,1719.0
2008-12-02 11:00:00,1598.0
2008-12-02 12:00:00,1534.0
2008-12-02 13:00:00,1867.0
2008-12-02 14:00:00,2531.0
2008-12-02 15:00:00,3099.0
2008-12-02 16:00:00,3649.0
2008-12-02 17:00:00,3884.0
2008-12-02 18:00:00,3798.0
2008-12-02 19:00:00,3885.0
2008-12-02 20:00:00,4231.0
2008-12-02 21:00:00,3872.0
2008-12-02 22:00:00,3726.0
2008-12-02 23:00:00,3643.0
2008-12-03 00:00:00,3419.0
2008-12-03 01:00:00,3189.0
2008-12-03 02:00:00,2875.0
2008-12-03 03:00:00,2800.0
2008-12-03 04:00:00,2825.0
2008-12-03 05:00:00,2908.0
2008-12-03 06:00:00,2494.0
2008-12-03 07:00:00,2092.0
2008-12-03 08:00:00,1784.0
2008-12-03 09:00:00,1573.0
2008-12-03 10:00:00,1613.0
2008-12-03 11:00:00,1372.0
2008-12-03 12:00:00,1485.0
2008-12-03 13:00:00,1747.0
2008-12-03 14:00:00,2305.0
2008-12-03 15:00:00,3044.0
2008-12-03 16:00:00,3296.0
2008-12-03 17:00:00,3606.0
2008-12-03 18:00:00,3849.0
2008-12-03 19:00:00,4019.0
2008-12-03 20:00:00,4013.0
2008-12-03 21:00:00,3637.0
2008-12-03 22:00:00,3478.0
2008-12-03 23:00:00,3629.0
2008-12-04 00:00:00,3036.0
2008-12-04 01:00:00,3064.0
2008-12-04 02:00:00,2684.0
2008-12-04 03:00:00,2595.0
2008-12-04 04:00:00,2693.0
2008-12-04 05:00:00,2553.0
2008-12-04 06:00:00,2159.0
2008-12-04 07:00:00,1827.0
2008-12-04 08:00:00,1747.0
2008-12-04 09:00:00,1408.0
2008-12-04 10:00:00,1501.0
2008-12-04 11:00:00,1488.0
2008-12-04 12:00:00,1516.0
2008-12-04 13:00:00,1706.0
2008-12-04 14:00:00,2406.0
2008-12-04 15:00:00,2936.0
2008-12-04 16:00:00,3401.0
2008-12-04 17:00:00,3483.0
2008-12-04 18:00:00,3233.0
2008-12-04 19:00:00,3538.0
2008-12-04 20:00:00,3493.0
2008-12-04 21:00:00,3463.0
2008-12-04 22:00:00,3370.0
2008-12-04 23:00:00,3386.0
2008-12-05 00:00:00,3134.0
2008-12-05 01:00:00,2814.0
2008-12-05 02:00:00,2792.0
2008-12-05 03:00:00,2852.0
2008-12-05 04:00:00,3027.0
2008-12-05 05:00:00,2703.0
2008-12-05 06:00:00,2236.0
2008-12-05 07:00:00,1849.0
2008-12-05 08:00:00,1480.0
2008-12-05 09:00:00,1358.0
2008-12-05 10:00:00,1221.0
2008-12-05 11:00:00,1172.0
2008-12-05 12:00:00,1271.0
2008-12-05 13:00:00,1464.0
2008-12-05 14:00:00,2251.0
2008-12-05 15:00:00,2952.0
2008-12-05 16:00:00,3277.0
2008-12-05 17:00:00,3320.0
2008-12-05 18:00:00,3291.0
2008-12-05 19:00:00,3642.0
2008-12-05 20:00:00,3658.0
2008-12-05 21:00:00,3480.0
2008-12-05 22:00:00,3313.0
2008-12-05 23:00:00,3091.0
2008-12-06 00:00:00,2787.0
2008-12-06 01:00:00,2451.0
2008-12-06 02:00:00,2317.0
2008-12-06 03:00:00,2251.0
2008-12-06 04:00:00,2336.0
2008-12-06 05:00:00,2146.0
2008-12-06 06:00:00,2088.0
2008-12-06 07:00:00,1451.0
2008-12-06 08:00:00,1299.0
2008-12-06 09:00:00,1260.0
2008-12-06 10:00:00,946.0
2008-12-06 11:00:00,940.0
2008-12-06 12:00:00,1010.0
2008-12-06 13:00:00,1210.0
2008-12-06 14:00:00,1463.0
2008-12-06 15:00:00,1731.0
2008-12-06 16:00:00,2069.0
2008-12-06 17:00:00,2179.0
2008-12-06 18:00:00,2317.0
2008-12-06 19:00:00,2389.0
2008-12-06 20:00:00,2542.0
2008-12-06 21:00:00,2459.0
2008-12-06 22:00:00,2365.0
2008-12-06 23:00:00,2379.0
2008-12-07 00:00:00,2480.0
2008-12-07 01:00:00,2323.0
2008-12-07 02:00:00,2279.0
2008-12-07 03:00:00,2293.0
2008-12-07 04:00:00,2307.0
2008-12-07 05:00:00,2341.0
2008-12-07 06:00:00,2002.0
2008-12-07 07:00:00,1615.0
2008-12-07 08:00:00,1459.0
2008-12-07 09:00:00,1208.0
2008-12-07 10:00:00,1091.0
2008-12-07 11:00:00,1042.0
2008-12-07 12:00:00,1014.0
2008-12-07 13:00:00,1174.0
2008-12-07 14:00:00,1528.0
2008-12-07 15:00:00,1769.0
2008-12-07 16:00:00,2218.0
2008-12-07 17:00:00,2444.0
2008-12-07 18:00:00,2651.0
2008-12-07 19:00:00,2539.0
2008-12-07 20:00:00,2960.0
2008-12-07 21:00:00,2920.0
2008-12-07 22:00:00,2856.0
2008-12-07 23:00:00,2734.0
2008-12-08 00:00:00,2749.0
2008-12-08 01:00:00,2453.0
2008-12-08 02:00:00,2403.0
2008-12-08 03:00:00,2401.0
2008-12-08 04:00:00,2191.0
2008-12-08 05:00:00,2478.0
2008-12-08 06:00:00,2259.0
2008-12-08 07:00:00,1909.0
2008-12-08 08:00:00,1800.0
2008-12-08 09:00:00,1323.0
2008-12-08 10:00:00,1253.0
2008-12-08 11:00:00,1385.0
2008-12-08 12:00:00,1438.0
2008-12-08 13:00:00,1690.0
2008-12-08 14:00:00,2086.0
2008-12-08 15:00:00,2596.0
2008-12-08 16:00:00,2961.0
2008-12-08 17:00:00,3094.0
2008-12-08 18:00:00,3487.0
2008-12-08 19:00:00,3499.0
2008-12-08 20:00:00,3552.0
2008-12-08 21:00:00,3188.0
2008-12-08 22:00:00,2907.0
2008-12-08 23:00:00,2673.0
2008-12-09 00:00:00,2780.0
2008-12-09 01:00:00,2539.0
2008-12-09 02:00:00,2566.0
2008-12-09 03:00:00,2132.0
2008-12-09 04:00:00,2254.0
2008-12-09 05:00:00,2040.0
2008-12-09 06:00:00,1860.0
2008-12-09 07:00:00,1633.0
2008-12-09 08:00:00,1430.0
2008-12-09 09:00:00,1237.0
2008-12-09 10:00:00,1148.0
2008-12-09 11:00:00,1246.0
2008-12-09 12:00:00,1386.0
2008-12-09 13:00:00,1592.0
2008-12-09 14:00:00,2211.0
2008-12-09 15:00:00,2917.0
2008-12-09 16:00:00,3194.0
2008-12-09 17:00:00,3550.0
2008-12-09 18:00:00,3614.0
2008-12-09 19:00:00,3734.0
2008-12-09 20:00:00,3906.0
2008-12-09 21:00:00,3581.0
2008-12-09 22:00:00,3211.0
2008-12-09 23:00:00,2967.0
2008-12-10 00:00:00,2839.0
2008-12-10 01:00:00,2575.0
2008-12-10 02:00:00,2688.0
2008-12-10 03:00:00,2461.0
2008-12-10 04:00:00,2243.0
2008-12-10 05:00:00,2087.0
2008-12-10 06:00:00,1833.0
2008-12-10 07:00:00,1622.0
2008-12-10 08:00:00,1323.0
2008-12-10 09:00:00,1273.0
2008-12-10 10:00:00,1328.0
2008-12-10 11:00:00,1343.0
2008-12-10 12:00:00,1341.0
2008-12-10 13:00:00,1573.0
2008-12-10 14:00:00,2281.0
2008-12-10 15:00:00,2493.0
2008-12-10 16:00:00,2773.0
2008-12-10 17:00:00,2875.0
2008-12-10 18:00:00,2878.0
2008-12-10 19:00:00,3168.0
2008-12-10 20:00:00,3019.0
2008-12-10 21:00:00,2936.0
2008-12-10 22:00:00,2834.0
2008-12-10 23:00:00,3020.0
2008-12-11 00:00:00,2944.0
2008-12-11 01:00:00,2572.0
2008-12-11 02:00:00,2511.0
2008-12-11 03:00:00,2426.0
2008-12-11 04:00:00,2387.0
2008-12-11 05:00:00,2283.0
2008-12-11 06:00:00,1853.0
2008-12-11 07:00:00,1788.0
2008-12-11 08:00:00,1783.0
2008-12-11 09:00:00,1276.0
2008-12-11 10:00:00,1500.0
2008-12-11 11:00:00,1369.0
2008-12-11 12:00:00,1339.0
2008-12-11 13:00:00,1501.0
2008-12-11 14:00:00,1915.0
2008-12-11 15:00:00,2601.0
2008-12-11 16:00:00,2650.0
2008-12-11 17:00:00,3004.0
2008-12-11 18:00:00,3028.0
2008-12-11 19:00:00,3063.0
2008-12-11 20:00:00,3070.0
2008-12-11 21:00:00,2844.0
2008-12-11 22:00:00,2740.0
2008-12-11 23:00:00,2766.0
2008-12-12 00:00:00,2335.0
2008-12-12 01:00:00,2233.0
2008-12-12 02:00:00,2064.0
2008-12-12 03:00:00,1937.0
2008-12-12 04:00:00,1950.0
2008-12-12 05:00:00,1833.0
2008-12-12 06:00:00,1675.0
2008-12-12 07:00:00,1362.0
2008-12-12 08:00:00,1337.0
2008-12-12 09:00:00,1120.0
2008-12-12 10:00:00,1113.0
2008-12-12 11:00:00,991.0
2008-12-12 12:00:00,1174.0
2008-12-12 13:00:00,1322.0
2008-12-12 14:00:00,1857.0
2008-12-12 15:00:00,2138.0
2008-12-12 16:00:00,2268.0
2008-12-12 17:00:00,2178.0
2008-12-12 18:00:00,2410.0
2008-12-12 19:00:00,2471.0
2008-12-12 20:00:00,2482.0
2008-12-12 21:00:00,2364.0
2008-12-12 22:00:00,2381.0
2008-12-12 23:00:00,3011.0
2008-12-13 00:00:00,1983.0
2008-12-13 01:00:00,1961.0
2008-12-13 02:00:00,1701.0
2008-12-13 03:00:00,1820.0
2008-12-13 04:00:00,1668.0
2008-12-13 05:00:00,1645.0
2008-12-13 06:00:00,1363.0
2008-12-13 07:00:00,1174.0
2008-12-13 08:00:00,1014.0
2008-12-13 09:00:00,954.0
2008-12-13 10:00:00,844.0
2008-12-13 11:00:00,791.0
2008-12-13 12:00:00,885.0
2008-12-13 13:00:00,1001.0
2008-12-13 14:00:00,1243.0
2008-12-13 15:00:00,1395.0
2008-12-13 16:00:00,1743.0
2008-12-13 17:00:00,1803.0
2008-12-13 18:00:00,1823.0
2008-12-13 19:00:00,1847.0
2008-12-13 20:00:00,2283.0
2008-12-13 21:00:00,2225.0
2008-12-13 22:00:00,2172.0
2008-12-13 23:00:00,2168.0
2008-12-14 00:00:00,2092.0
2008-12-14 01:00:00,2050.0
2008-12-14 02:00:00,1735.0
2008-12-14 03:00:00,1701.0
2008-12-14 04:00:00,1769.0
2008-12-14 05:00:00,1722.0
2008-12-14 06:00:00,1502.0
2008-12-14 07:00:00,1491.0
2008-12-14 08:00:00,1173.0
2008-12-14 09:00:00,1189.0
2008-12-14 10:00:00,920.0
2008-12-14 11:00:00,896.0
2008-12-14 12:00:00,1046.0
2008-12-14 13:00:00,1198.0
2008-12-14 14:00:00,1430.0
2008-12-14 15:00:00,1538.0
2008-12-14 16:00:00,1893.0
2008-12-14 17:00:00,1887.0
2008-12-14 18:00:00,2042.0
2008-12-14 19:00:00,2258.0
2008-12-14 20:00:00,2374.0
2008-12-14 21:00:00,2334.0
2008-12-14 22:00:00,2529.0
2008-12-14 23:00:00,2416.0
2008-12-15 00:00:00,2258.0
2008-12-15 01:00:00,2246.0
2008-12-15 02:00:00,2100.0
2008-12-15 03:00:00,2040.0
2008-12-15 04:00:00,1943.0
2008-12-15 05:00:00,1773.0
2008-12-15 06:00:00,1542.0
2008-12-15 07:00:00,1474.0
2008-12-15 08:00:00,1309.0
2008-12-15 09:00:00,1198.0
2008-12-15 10:00:00,1089.0
2008-12-15 11:00:00,1114.0
2008-12-15 12:00:00,1289.0
2008-12-15 13:00:00,1288.0
2008-12-15 14:00:00,1670.0
2008-12-15 15:00:00,1956.0
2008-12-15 16:00:00,2133.0
2008-12-15 17:00:00,2380.0
2008-12-15 18:00:00,2483.0
2008-12-15 19:00:00,2697.0
2008-12-15 20:00:00,2689.0
2008-12-15 21:00:00,2942.0
2008-12-15 22:00:00,3119.0
2008-12-15 23:00:00,3386.0
2008-12-16 00:00:00,3137.0
2008-12-16 01:00:00,2845.0
2008-12-16 02:00:00,2504.0
2008-12-16 03:00:00,2436.0
2008-12-16 04:00:00,2420.0
2008-12-16 05:00:00,2296.0
2008-12-16 06:00:00,2203.0
2008-12-16 07:00:00,1583.0
2008-12-16 08:00:00,1401.0
2008-12-16 09:00:00,1364.0
2008-12-16 10:00:00,1300.0
2008-12-16 11:00:00,1269.0
2008-12-16 12:00:00,1225.0
2008-12-16 13:00:00,1411.0
2008-12-16 14:00:00,1805.0
2008-12-16 15:00:00,2238.0
2008-12-16 16:00:00,2471.0
2008-12-16 17:00:00,2838.0
2008-12-16 18:00:00,3098.0
2008-12-16 19:00:00,3103.0
2008-12-16 20:00:00,2989.0
2008-12-16 21:00:00,2651.0
2008-12-16 22:00:00,2739.0
2008-12-16 23:00:00,2546.0
2008-12-17 00:00:00,2507.0
2008-12-17 01:00:00,2592.0
2008-12-17 02:00:00,2169.0
2008-12-17 03:00:00,2116.0
2008-12-17 04:00:00,1817.0
2008-12-17 05:00:00,1690.0
2008-12-17 06:00:00,1521.0
2008-12-17 07:00:00,1352.0
2008-12-17 08:00:00,1150.0
2008-12-17 09:00:00,1125.0
2008-12-17 10:00:00,1185.0
2008-12-17 11:00:00,1033.0
2008-12-17 12:00:00,935.0
2008-12-17 13:00:00,1115.0
2008-12-17 14:00:00,1793.0
2008-12-17 15:00:00,2329.0
2008-12-17 16:00:00,2579.0
2008-12-17 17:00:00,2778.0
2008-12-17 18:00:00,3041.0
2008-12-17 19:00:00,2655.0
2008-12-17 20:00:00,2932.0
2008-12-17 21:00:00,2919.0
2008-12-17 22:00:00,2875.0
2008-12-17 23:00:00,3087.0
2008-12-18 00:00:00,3095.0
2008-12-18 01:00:00,2793.0
2008-12-18 02:00:00,2786.0
2008-12-18 03:00:00,2527.0
2008-12-18 04:00:00,2328.0
2008-12-18 05:00:00,2008.0
2008-12-18 06:00:00,1775.0
2008-12-18 07:00:00,1486.0
2008-12-18 08:00:00,1317.0
2008-12-18 09:00:00,1043.0
2008-12-18 10:00:00,1110.0
2008-12-18 11:00:00,1174.0
2008-12-18 12:00:00,1108.0
2008-12-18 13:00:00,1381.0
2008-12-18 14:00:00,1801.0
2008-12-18 15:00:00,2098.0
2008-12-18 16:00:00,2330.0
2008-12-18 17:00:00,2518.0
2008-12-18 18:00:00,2433.0
2008-12-18 19:00:00,2603.0
2008-12-18 20:00:00,2835.0
2008-12-18 21:00:00,2790.0
2008-12-18 22:00:00,2652.0
2008-12-18 23:00:00,2427.0
2008-12-19 00:00:00,2434.0
2008-12-19 01:00:00,2197.0
2008-12-19 02:00:00,2381.0
2008-12-19 03:00:00,2039.0
2008-12-19 04:00:00,2036.0
2008-12-19 05:00:00,1804.0
2008-12-19 06:00:00,1801.0
2008-12-19 07:00:00,1311.0
2008-12-19 08:00:00,1342.0
2008-12-19 09:00:00,1161.0
2008-12-19 10:00:00,1076.0
2008-12-19 11:00:00,831.0
2008-12-19 12:00:00,993.0
2008-12-19 13:00:00,1104.0
2008-12-19 14:00:00,1340.0
2008-12-19 15:00:00,1754.0
2008-12-19 16:00:00,2026.0
2008-12-19 17:00:00,2102.0
2008-12-19 18:00:00,2142.0
2008-12-19 19:00:00,2131.0
2008-12-19 20:00:00,2595.0
2008-12-19 21:00:00,2250.0
2008-12-19 22:00:00,2268.0
2008-12-19 23:00:00,2160.0
2008-12-20 00:00:00,2148.0
2008-12-20 01:00:00,2003.0
2008-12-20 02:00:00,1805.0
2008-12-20 03:00:00,2425.0
2008-12-20 04:00:00,2155.0
2008-12-20 05:00:00,1765.0
2008-12-20 06:00:00,1590.0
2008-12-20 07:00:00,1455.0
2008-12-20 08:00:00,1253.0
2008-12-20 09:00:00,885.0
2008-12-20 10:00:00,796.0
2008-12-20 11:00:00,784.0
2008-12-20 12:00:00,907.0
2008-12-20 13:00:00,825.0
2008-12-20 14:00:00,954.0
2008-12-20 15:00:00,1197.0
2008-12-20 16:00:00,1576.0
2008-12-20 17:00:00,1537.0
2008-12-20 18:00:00,1595.0
2008-12-20 19:00:00,1719.0
2008-12-20 20:00:00,1794.0
2008-12-20 21:00:00,1874.0
2008-12-20 22:00:00,1789.0
2008-12-20 23:00:00,1940.0
2008-12-21 00:00:00,1667.0
2008-12-21 01:00:00,1667.0
2008-12-21 02:00:00,1634.0
2008-12-21 03:00:00,1421.0
2008-12-21 04:00:00,1532.0
2008-12-21 05:00:00,1530.0
2008-12-21 06:00:00,1433.0
2008-12-21 07:00:00,1300.0
2008-12-21 08:00:00,1040.0
2008-12-21 09:00:00,877.0
2008-12-21 10:00:00,856.0
2008-12-21 11:00:00,867.0
2008-12-21 12:00:00,816.0
2008-12-21 13:00:00,846.0
2008-12-21 14:00:00,1026.0
2008-12-21 15:00:00,1264.0
2008-12-21 16:00:00,1502.0
2008-12-21 17:00:00,1578.0
2008-12-21 18:00:00,1720.0
2008-12-21 19:00:00,1667.0
2008-12-21 20:00:00,1735.0
2008-12-21 21:00:00,1999.0
2008-12-21 22:00:00,1757.0
2008-12-21 23:00:00,1826.0
2008-12-22 00:00:00,1891.0
2008-12-22 01:00:00,1780.0
2008-12-22 02:00:00,1783.0
2008-12-22 03:00:00,1732.0
2008-12-22 04:00:00,1797.0
2008-12-22 05:00:00,1723.0
2008-12-22 06:00:00,1487.0
2008-12-22 07:00:00,1204.0
2008-12-22 08:00:00,1113.0
2008-12-22 09:00:00,972.0
2008-12-22 10:00:00,904.0
2008-12-22 11:00:00,866.0
2008-12-22 12:00:00,913.0
2008-12-22 13:00:00,1003.0
2008-12-22 14:00:00,1236.0
2008-12-22 15:00:00,1457.0
2008-12-22 16:00:00,1785.0
2008-12-22 17:00:00,1905.0
2008-12-22 18:00:00,1907.0
2008-12-22 19:00:00,1878.0
2008-12-22 20:00:00,2075.0
2008-12-22 21:00:00,2164.0
2008-12-22 22:00:00,2079.0
2008-12-22 23:00:00,2153.0
2008-12-23 00:00:00,1890.0
2008-12-23 01:00:00,1920.0
2008-12-23 02:00:00,1993.0
2008-12-23 03:00:00,1947.0
2008-12-23 04:00:00,1808.0
2008-12-23 05:00:00,1637.0
2008-12-23 06:00:00,1423.0
2008-12-23 07:00:00,1223.0
2008-12-23 08:00:00,1259.0
2008-12-23 09:00:00,1154.0
2008-12-23 10:00:00,1061.0
2008-12-23 11:00:00,1035.0
2008-12-23 12:00:00,1000.0
2008-12-23 13:00:00,1171.0
2008-12-23 14:00:00,1318.0
2008-12-23 15:00:00,1639.0
2008-12-23 16:00:00,1824.0
2008-12-23 17:00:00,2079.0
2008-12-23 18:00:00,2131.0
2008-12-23 19:00:00,2192.0
2008-12-23 20:00:00,2347.0
2008-12-23 21:00:00,3814.0
2008-12-23 22:00:00,4382.0
2008-12-23 23:00:00,4073.0
2008-12-24 00:00:00,3523.0
2008-12-24 01:00:00,3340.0
2008-12-24 02:00:00,2855.0
2008-12-24 03:00:00,2317.0
2008-12-24 04:00:00,2199.0
2008-12-24 05:00:00,2070.0
2008-12-24 06:00:00,1919.0
2008-12-24 07:00:00,1443.0
2008-12-24 08:00:00,1268.0
2008-12-24 09:00:00,1116.0
2008-12-24 10:00:00,952.0
2008-12-24 11:00:00,995.0
2008-12-24 12:00:00,904.0
2008-12-24 13:00:00,985.0
2008-12-24 14:00:00,1117.0
2008-12-24 15:00:00,1307.0
2008-12-24 16:00:00,1579.0
2008-12-24 17:00:00,1637.0
2008-12-24 18:00:00,1704.0
2008-12-24 19:00:00,1808.0
2008-12-24 20:00:00,1891.0
2008-12-24 21:00:00,1648.0
2008-12-24 22:00:00,1737.0
2008-12-24 23:00:00,2324.0
2008-12-25 00:00:00,1661.0
2008-12-25 01:00:00,2168.0
2008-12-25 02:00:00,1996.0
2008-12-25 03:00:00,1699.0
2008-12-25 04:00:00,1461.0
2008-12-25 05:00:00,1437.0
2008-12-25 06:00:00,1402.0
2008-12-25 07:00:00,1128.0
2008-12-25 08:00:00,1072.0
2008-12-25 09:00:00,866.0
2008-12-25 10:00:00,795.0
2008-12-25 11:00:00,802.0
2008-12-25 12:00:00,798.0
2008-12-25 13:00:00,830.0
2008-12-25 14:00:00,800.0
2008-12-25 15:00:00,1062.0
2008-12-25 16:00:00,1132.0
2008-12-25 17:00:00,1358.0
2008-12-25 18:00:00,1444.0
2008-12-25 19:00:00,1385.0
2008-12-25 20:00:00,1516.0
2008-12-25 21:00:00,1462.0
2008-12-25 22:00:00,1417.0
2008-12-25 23:00:00,1383.0
2008-12-26 00:00:00,1855.0
2008-12-26 01:00:00,1954.0
2008-12-26 02:00:00,1893.0
2008-12-26 03:00:00,1555.0
2008-12-26 04:00:00,1581.0
2008-12-26 05:00:00,1424.0
2008-12-26 06:00:00,1290.0
2008-12-26 07:00:00,1179.0
2008-12-26 08:00:00,986.0
2008-12-26 09:00:00,871.0
2008-12-26 10:00:00,849.0
2008-12-26 11:00:00,866.0
2008-12-26 12:00:00,827.0
2008-12-26 13:00:00,878.0
2008-12-26 14:00:00,1115.0
2008-12-26 15:00:00,1270.0
2008-12-26 16:00:00,1306.0
2008-12-26 17:00:00,1446.0
2008-12-26 18:00:00,1665.0
2008-12-26 19:00:00,1600.0
2008-12-26 20:00:00,1547.0
2008-12-26 21:00:00,1613.0
2008-12-26 22:00:00,1676.0
2008-12-26 23:00:00,1600.0
2008-12-27 00:00:00,1779.0
2008-12-27 01:00:00,1471.0
2008-12-27 02:00:00,1466.0
2008-12-27 03:00:00,1624.0
2008-12-27 04:00:00,1635.0
2008-12-27 05:00:00,1694.0
2008-12-27 06:00:00,1344.0
2008-12-27 07:00:00,1126.0
2008-12-27 08:00:00,1111.0
2008-12-27 09:00:00,1024.0
2008-12-27 10:00:00,859.0
2008-12-27 11:00:00,740.0
2008-12-27 12:00:00,687.0
2008-12-27 13:00:00,757.0
2008-12-27 14:00:00,994.0
2008-12-27 15:00:00,1093.0
2008-12-27 16:00:00,1351.0
2008-12-27 17:00:00,1409.0
2008-12-27 18:00:00,1489.0
2008-12-27 19:00:00,1718.0
2008-12-27 20:00:00,1661.0
2008-12-27 21:00:00,1639.0
2008-12-27 22:00:00,1660.0
2008-12-27 23:00:00,1610.0
2008-12-28 00:00:00,1619.0
2008-12-28 01:00:00,1520.0
2008-12-28 02:00:00,1657.0
2008-12-28 03:00:00,1699.0
2008-12-28 04:00:00,1549.0
2008-12-28 05:00:00,1561.0
2008-12-28 06:00:00,1344.0
2008-12-28 07:00:00,1222.0
2008-12-28 08:00:00,1220.0
2008-12-28 09:00:00,1058.0
2008-12-28 10:00:00,794.0
2008-12-28 11:00:00,695.0
2008-12-28 12:00:00,776.0
2008-12-28 13:00:00,838.0
2008-12-28 14:00:00,1123.0
2008-12-28 15:00:00,1262.0
2008-12-28 16:00:00,1380.0
2008-12-28 17:00:00,1582.0
2008-12-28 18:00:00,1715.0
2008-12-28 19:00:00,1836.0
2008-12-28 20:00:00,1741.0
2008-12-28 21:00:00,1887.0
2008-12-28 22:00:00,1743.0
2008-12-28 23:00:00,1973.0
2008-12-29 00:00:00,1829.0
2008-12-29 01:00:00,3632.0
2008-12-29 02:00:00,3135.0
2008-12-29 03:00:00,1909.0
2008-12-29 04:00:00,2043.0
2008-12-29 05:00:00,1697.0
2008-12-29 06:00:00,1608.0
2008-12-29 07:00:00,1335.0
2008-12-29 08:00:00,1185.0
2008-12-29 09:00:00,1166.0
2008-12-29 10:00:00,1196.0
2008-12-29 11:00:00,1098.0
2008-12-29 12:00:00,1280.0
2008-12-29 13:00:00,1303.0
2008-12-29 14:00:00,1531.0
2008-12-29 15:00:00,1816.0
2008-12-29 16:00:00,1878.0
2008-12-29 17:00:00,2133.0
2008-12-29 18:00:00,2123.0
2008-12-29 19:00:00,2337.0
2008-12-29 20:00:00,2531.0
2008-12-29 21:00:00,2381.0
2008-12-29 22:00:00,2180.0
2008-12-29 23:00:00,2006.0
2008-12-30 00:00:00,2110.0
2008-12-30 01:00:00,1921.0
2008-12-30 02:00:00,1871.0
2008-12-30 03:00:00,1783.0
2008-12-30 04:00:00,1704.0
2008-12-30 05:00:00,1707.0
2008-12-30 06:00:00,1628.0
2008-12-30 07:00:00,1449.0
2008-12-30 08:00:00,1321.0
2008-12-30 09:00:00,1104.0
2008-12-30 10:00:00,969.0
2008-12-30 11:00:00,837.0
2008-12-30 12:00:00,976.0
2008-12-30 13:00:00,1001.0
2008-12-30 14:00:00,1285.0
2008-12-30 15:00:00,1573.0
2008-12-30 16:00:00,1716.0
2008-12-30 17:00:00,1954.0
2008-12-30 18:00:00,2127.0
2008-12-30 19:00:00,2285.0
2008-12-30 20:00:00,2265.0
2008-12-30 21:00:00,2323.0
2008-12-30 22:00:00,2394.0
2008-12-30 23:00:00,2267.0
2008-12-31 00:00:00,2263.0
2008-12-31 01:00:00,2335.0
2008-12-31 02:00:00,2053.0
2008-12-31 03:00:00,2013.0
2008-12-31 04:00:00,2294.0
2008-12-31 05:00:00,1763.0
2008-12-31 06:00:00,1645.0
2008-12-31 07:00:00,1415.0
2008-12-31 08:00:00,1242.0
2008-12-31 09:00:00,1067.0
2008-12-31 10:00:00,962.0
2008-12-31 11:00:00,951.0
2008-12-31 12:00:00,974.0
2008-12-31 13:00:00,987.0
2008-12-31 14:00:00,1250.0
2008-12-31 15:00:00,1431.0
2008-12-31 16:00:00,1911.0
2008-12-31 17:00:00,1973.0
2008-12-31 18:00:00,2211.0
2008-12-31 19:00:00,2086.0
2008-12-31 20:00:00,2137.0
2008-12-31 21:00:00,2070.0
2008-12-31 22:00:00,1966.0
2008-12-31 23:00:00,4010.0
